id,stage_id,difficulty_tier,question_title,question_text,option_a,option_b,option_c,option_d,correct_answer,exp_reward,explanation
Q_1_1_NORM,STAGE_1_1,normal,Python Generator vs List,Trong Python cấu trúc nào sau đây tạo ra một generator thay vì tạo toàn bộ danh sách trong RAM?,"[x**2 for x in range(1000)]","(x**2 for x in range(1000))","{x: x**2 for x in range(1000)}","set(x**2 for x in range(1000))",B,50,"Dấu ngoặc đơn () tạo Generator Expression giúp tiết kiệm bộ nhớ nhờ cơ chế Lazy Evaluation chỉ sinh dữ liệu khi cần."
Q_1_1_HARD,STAGE_1_1,hard,Mutable Default Argument Pitfall,Đoạn code sau in ra gì? def add(val, lst=[]): lst.append(val); return lst; print(add(1)); print(add(2)),"[1] và [2]","[1] và [1, 2]","[1, 2] và [1, 2]","Lỗi TypeError",B,100,"Trong Python giá trị mặc định của hàm chỉ được khởi tạo MỘT LẦN duy nhất khi định nghĩa hàm. Vì lst là mutable list nên các lần gọi sau sẽ dùng chung đối tượng đó."
Q_1_1_HELL,STAGE_1_1,hell,Python Bytecode & Memory Optimization,Để giảm thiểu triệt để overhead bộ nhớ của hàng triệu instance Class trong Python ta nên sử dụng kỹ thuật nào?,Dùng __init__ với tuple thay vì list,Khai báo thuộc tính cố định bằng __slots__,Dùng dataclass với frozen=True,Chuyển tất cả method thành @staticmethod,B,250,"Khai báo __slots__ ngăn Python tự động tạo dictionary __dict__ cho mỗi instance giúp giảm tới 60-70% dung lượng RAM khi quản lý hàng triệu objects trong pipeline ML."

Q_1_2_NORM,STAGE_1_2,normal,Magic Method trong PyTorch Dataset,Trong PyTorch Dataset class hai magic method bắt buộc phải implement để DataLoader hoạt động là gì?,__init__ và __forward__,__len__ và __getitem__,__iter__ và __next__,__enter__ và __exit__,B,50,"PyTorch map-style Dataset yêu cầu implement __len__ (trả về số mẫu) và __getitem__ (lấy mẫu tại index cụ thể)."
Q_1_2_HARD,STAGE_1_2,hard,__call__ vs __init__,Khi một class implement method __call__ điều gì sẽ xảy ra khi ta gọi instance(x)?,Khởi tạo lại instance với tham số x,Instance có thể được gọi như một hàm callable: instance(x),Gây lỗi runtime vì trùng cú pháp khởi tạo,Tự động giải phóng bộ nhớ của instance,B,100,"Method __call__ biến instance thành một Callable Object. Đây là cách các tầng nn.Module trong PyTorch nhận input khi thực hiện forward pass: model(inputs)."
Q_1_2_HELL,STAGE_1_2,hell,Metaclass & Singleton trong AI Engine,Cách tốt nhất để thiết lập ModelRegistry hoặc DatabaseConnection theo mẫu Singleton chống race-condition trong Python đa luồng là gì?,Dùng biến toàn cục global variable,Tạo module-level instance hoặc dùng Metaclass có khóa threading.Lock,Kế thừa từ class BaseException,Sử dụng decorators @classmethod đơn thuần,B,250,"Triển khai __call__ trong Metaclass kết hợp threading.Lock đảm bảo tính Thread-Safe tối đa cho pattern Singleton khi khởi tạo tài nguyên AI nặng."

Q_1_3_NORM,STAGE_1_3,normal,NumPy Matrix Multiplication,Phép toán nào trong NumPy thực hiện nhân ma trận đại số (Matrix Multiplication)?,A * B,np.dot(A, B) hoặc A @ B,np.multiply(A, B),A ^ B,B,50,"Toán tử @ hoặc np.matmul / np.dot thực hiện nhân ma trận theo quy tắc hàng nhân cột. Toán tử * là nhân từng phần tử tương ứng (Hadamard product)."
Q_1_3_HARD,STAGE_1_3,hard,NumPy Broadcasting Rule,Cho mảng A có shape (4, 1, 8) và mảng B có shape (3, 8). Shape của kết quả phép cộng A + B là gì?,"(4, 3, 8)","(4, 1, 8)","Lỗi Shape Mismatch","(3, 4, 8)",A,100,"Quy tắc Broadcasting: So sánh từ chiều cuối về trước: 8 khớp 8, 1 tự động nhân bản (broadcast) lên 3, chiều đầu 4 giữ nguyên -> Kết quả là (4, 3, 8)."
Q_1_3_HELL,STAGE_1_3,hell,Memory Stride & In-Place Mutation,Hàm np.as_strided và thuộc tính arr.strides trong NumPy cho phép làm gì mà không tốn thêm bộ nhớ?,Sắp xếp dữ liệu song song trên GPU,Tạo sliding window (cửa sổ trượt) hoặc reshape không copy dữ liệu trong RAM,Tự động nén mảng thành sparse matrix,Đổi kiểu dữ liệu từ float64 sang float32 in-place,B,250,"Strides định nghĩa số byte cần nhảy qua trong RAM để đến phần tử tiếp theo ở mỗi chiều. Kỹ thuật này cho phép tạo các view ma trận trượt (ví dụ: mô phỏng tích chập Conv2D) với chi phí RAM bằng 0."

Q_1_4_NORM,STAGE_1_4,normal,Pandas Vectorized Operations,Để tăng tốc xử lý một cột trong DataFrame ta nên tránh cách làm nào nhất?,Sử dụng phép toán vector hóa trực tiếp trên Series,Dùng vòng lặp for i in range(len(df)) hoặc df.iterrows(),Sử dụng df['col'].map() với dictionary,Sử dụng biểu thức np.select,B,50,"df.iterrows() và for loop trong Python thuần vô hiệu hóa cơ chế tối ưu C/vectorized của Pandas, chậm hơn từ 100 đến 1000 lần so với phép toán vector."
Q_1_4_HARD,STAGE_1_4,hard,Data Leakage trong Preprocessing,Lỗi Data Leakage nào sau đây nghiêm trọng nhất khi tiền xử lý dữ liệu trước khi train mô hình?,Thực hiện fit_transform StandardScaler trên TOÀN BỘ dataset trước khi train_test_split,Chỉ transform trên test set bằng scaler đã fit từ train set,Điền giá trị thiếu (Impute median) dựa trên train set,Loại bỏ các cột có tỷ lệ missing > 90% trước khi chia tập,A,100,"Fit scaler trên toàn bộ dữ liệu trước khi split làm lộ thông tin phân phối (mean, std) của tập Test vào tập Train, khiến kết quả đánh giá bị ảo tưởng (over-optimistic)."
Q_1_4_HELL,STAGE_1_4,hell,Tối Ưu Bộ Nhớ Dataset Hàng Chục Triệu Dòng,Khi đọc file CSV 20GB bằng Pandas trên máy tính có 16GB RAM kỹ thuật nào mang lại hiệu quả tối ưu nhất?,Tăng swap memory của hệ điều hành lên 100GB,Sử dụng chunksize trong pd.read_csv kết hợp downcast kiểu số (int64 -> int8/int16, category cho string),Đổi đuôi file thành .txt rồi đọc từng dòng,Gộp tất cả các cột thành một chuỗi duy nhất,B,250,"Đọc theo chunk (chunksize) kết hợp downcast kiểu dữ liệu và chuyển các cột chuỗi có cardinality thấp sang kiểu category giúp giảm dung lượng RAM sử dụng từ 70% đến 90%."

Q_1_5_NORM,STAGE_1_5,normal,Eigenvector & Eigenvalue,Phương trình định nghĩa vector riêng (Eigenvector) v và giá trị riêng (Eigenvalue) lambda của ma trận vuông A là gì?,A + v = lambda * v,A * v = lambda * v,A * lambda = v,det(A) * v = lambda,B,50,"Phương trình đặc trưng là A * v = lambda * v, nghĩa là khi biến đổi ma trận A tác động lên vector v, hướng của vector không đổi, chỉ có độ dài bị co giãn theo hệ số lambda."
Q_1_5_HARD,STAGE_1_5,hard,Ý Nghĩa Hình Học Của SVD,Trong phân tích suy biến SVD (A = U * Sigma * V^T), các ma trận U và V có tính chất gì?,Là các ma trận tam giác trên,Là các ma trận trực giao (Orthogonal) đại diện cho phép quay và phản xạ không gian,Là ma trận đường chéo chứa các giá trị riêng âm,Là ma trận đối xứng có định thức bằng 0,B,100,"U và V là các ma trận trực giao (U^T * U = I, V^T * V = I) biểu diễn các phép quay/đổi cơ sở trực chuẩn, còn Sigma là ma trận đường chéo biểu diễn phép co giãn tỉ lệ theo các trị suy biến."
Q_1_5_HELL,STAGE_1_5,hell,Rank & Nullity trong Feature Selection,Nếu ma trận dữ liệu X kích thước (1000, 50) có Rank = 35 điều đó chứng tỏ điều gì về tập đặc trưng?,Tất cả 50 đặc trưng đều độc lập tuyến tính,Có 15 đặc trưng là tổ hợp tuyến tính (đa cộng tuyến hoàn toàn) của các đặc trưng khác,Mô hình chắc chắn sẽ bị Underfitting,Tập dữ liệu chỉ có 35 dòng có ý nghĩa toán học,B,250,"Rank = 35 trên 50 cột nghĩa là số chiều thực sự của không gian cột chỉ là 35, tồn tại 15 đặc trưng phụ thuộc tuyến tính (multicollinearity), cần dùng PCA hoặc loại bỏ để tránh bất ổn định ma trận nghịch đảo."

Q_1_6_NORM,STAGE_1_6,normal,Gradient Vector Direction,Ý nghĩa hình học quan trọng nhất của Gradient vector nabla f(x) tại một điểm là gì?,Chỉ hướng mà hàm số GIẢM nhanh nhất,Chỉ hướng mà hàm số TĂNG nhanh nhất và độ lớn là tốc độ tăng lớn nhất đó,Luôn song song với tiếp tuyến của đồ thị,Luôn có giá trị bằng 0 ở mọi điểm trên đồ thị,B,50,"Gradient nabla f(x) luôn chỉ về hướng hàm số tăng nhanh nhất. Do đó trong tối ưu hóa ta đi ngược hướng gradient (-nabla f(x)) để tìm cực tiểu."
Q_1_6_HARD,STAGE_1_6,hard,Ma Trận Hessian & Điểm Yên Ngựa,Nếu ma trận Hessian H tại điểm cực trị có cả các giá trị riêng dương và âm thì điểm đó là gì?,Điểm cực tiểu cục bộ (Local Minimum),Điểm cực đại cục bộ (Local Maximum),Điểm yên ngựa (Saddle Point),Điểm gián đoạn của hàm số,C,100,"Khi Hessian không xác định dấu (indefinite - vừa có eigenvalue âm vừa có dương), hàm số cong lên theo một hướng và cong xuống theo hướng khác -> Điểm yên ngựa (Saddle Point), vấn đề rất phổ biến khi train Deep Learning."
Q_1_6_HELL,STAGE_1_6,hell,Vector Calculus & Chain Rule Đa Biến,Cho z = f(y) với y = g(x) trong đó x in R^n, y in R^m, z in R. Biểu thức Gradient của z theo vector x là gì?,nabla_x z = (nabla_x y) * (nabla_y z),nabla_x z = (J_g(x))^T * nabla_y z (với J_g là ma trận Jacobian m x n),nabla_x z = J_g(x) + nabla_y z,nabla_x z = det(J_g(x)) * nabla_y z,B,250,"Theo quy tắc chuỗi đa biến, đạo hàm hàm hợp z(x) bằng chuyển vị ma trận Jacobian nhân với gradient của tầng kế tiếp. Đây chính là công thức toán nền tảng của Backpropagation trong Neural Networks!"

Q_1_7_NORM,STAGE_1_7,normal,Định Lý Bayes Cơ Bản,Công thức định lý Bayes biểu diễn xác suất hậu nghiệm P(A|B) là gì?,P(A|B) = P(B|A) * P(A) / P(B),P(A|B) = P(A) * P(B),P(A|B) = P(A intersect B) * P(B),P(A|B) = P(B|A) / P(A),A,50,"P(A|B) = P(B|A) * P(A) / P(B) trong đó P(A) là Prior, P(B|A) là Likelihood, P(B) là Evidence và P(A|B) là Posterior."
Q_1_7_HARD,STAGE_1_7,hard,MLE vs MAP,Sự khác biệt cốt lõi giữa Ước lượng hợp lý cực đại (MLE) và Hậu nghiệm cực đại (MAP) là gì?,MLE dùng hàm Sigmoid còn MAP dùng Softmax,MAP đưa thêm phân phối tiên nghiệm (Prior) vào tối ưu, tương đương việc thêm Regularization vào hàm mất mát,MLE chỉ áp dụng cho dữ liệu phân loại nhị phân,MAP không thể tối ưu bằng Gradient Descent,B,100,"MAP = argmax [P(D|theta) * P(theta)]. Khi lấy log, log P(theta) đóng vai trò như một số hạng phạt Regularizer (ví dụ Prior chuẩn Gaussian tạo ra L2 Regularization / Weight Decay)."
Q_1_7_HELL,STAGE_1_7,hell,KL Divergence & Cross-Entropy,Mối quan hệ toán học chính xác giữa Cross-Entropy Loss H(p, q) và khoảng cách Kullback-Leibler KL(p || q) là gì?,H(p, q) = KL(p || q) - H(p),H(p, q) = KL(p || q) + H(p) (với H(p) là Entropy của phân phối nhãn thật p),H(p, q) = KL(p || q) * H(p),Hai đại lượng này hoàn toàn độc lập,B,250,"H(p, q) = H(p) + KL(p || q). Vì nhãn thật p cố định nên Entropy H(p) là hằng số. Cực tiểu hóa Cross-Entropy hoàn toàn tương đương với việc ép phân phối dự đoán q tiến sát phân phối thật p theo độ đo KL Divergence."

Q_1_8_NORM,STAGE_1_8,normal,Learning Rate Pitfall,Điều gì sẽ xảy ra trong Gradient Descent nếu Learning Rate (tốc độ học) được chọn QUÁ LỚN?,Mô hình hội tụ cực kỳ chậm và kẹt ở điểm bắt đầu,Hàm loss có thể dao động mạnh và phân kỳ (Diverge) ra vô cùng,Mô hình tự động chuyển sang giải tích bậc 2,Weights tự động reset về 0,B,50,"Learning rate quá lớn làm bước nhảy vượt qua đáy cực tiểu, dẫn đến hàm mất mát bị dao động và ngày càng tăng vọt (phân kỳ)."
Q_1_8_HARD,STAGE_1_8,hard,Adam Optimizer Anatomy,Thuật toán Adam kết hợp ưu điểm của hai thuật toán tối ưu nào?,SGD và Newton-Raphson,Momentum (trung bình trượt bậc 1) và RMSProp (trung bình trượt bậc 2 có căn bậc hai),Adagrad và L-BFGS,Coordinate Descent và Genetic Algorithm,B,100,"Adam (Adaptive Moment Estimation) duy trì cả m_t (ước lượng moment bậc 1 - hướng đi quán tính từ Momentum) và v_t (ước lượng moment bậc 2 - co giãn learning rate thích ứng theo từng tham số từ RMSProp)."
Q_1_8_HELL,STAGE_1_8,hell,Vanishing Gradient & Weight Initialization,Tại sao khởi tạo trọng số theo phân phối Xavier/Glorot hoặc He/Kaiming lại ngăn chặn được hiện tượng tiêu biến/bùng nổ gradient?,Vì nó gán tất cả trọng số về giá trị 0.01,Vì nó duy trì phương sai của tín hiệu kích hoạt và gradient không đổi qua các tầng mạng (Var(y) = Var(x)),Vì nó ép ma trận trọng số trở thành ma trận đường chéo,Vì nó tự động thêm dropout vào mỗi layer,B,250,"Khởi tạo He/Xavier tính toán phương sai dựa trên số lượng fan-in và fan-out của mỗi layer để đảm bảo phương sai kích hoạt và gradient không bị triệt tiêu về 0 hoặc bùng nổ qua hàng chục tầng mạng sâu."

Q_1_9_NORM,STAGE_1_9,normal,Correlation Matrix Heatmap,Hệ số tương quan Pearson giữa hai biến số liên tục nằm trong khoảng giá trị nào?,Từ 0 đến 1,Từ -1 đến 1,Từ -vô cùng đến +vô cùng,Từ 0 đến 100,B,50,"Hệ số Pearson r in [-1, 1]. r = 1 biểu thị tương quan đồng biến tuyệt đối, r = -1 biểu thị tương quan nghịch biến tuyệt đối, r = 0 biểu thị không có tương quan tuyến tính."
Q_1_9_HARD,STAGE_1_9,hard,Detecting Multicollinearity with VIF,Khi phân tích EDA để loại bỏ biến đa cộng tuyến chỉ số VIF (Variance Inflation Factor) đạt giá trị bao nhiêu thì thường bị coi là có đa cộng tuyến nghiêm trọng?,VIF > 1,VIF > 5 đến 10,VIF < 0,VIF = 0.5,B,100,"Quy tắc kinh nghiệm phổ biến trong Machine Learning: VIF > 5 đến 10 cho thấy đặc trưng đó có thể được dự đoán rất chính xác từ các đặc trưng khác, gây bất ổn định cho mô hình tuyến tính."
Q_1_9_HELL,STAGE_1_9,hell,Distribution Skewness & Power Transformation,Nếu một đặc trưng số có phân phối lệch phải nghiêm trọng (Heavy Right-Skewed distribution) phép biến đổi nào thích hợp nhất trước khi đưa vào Linear/Logistic Regression?,Biến đổi bình phương x^2,Biến đổi Logarithmic log(1 + x) hoặc Box-Cox / Yeo-Johnson,Nhân với hằng số 1000,Chuyển toàn bộ giá trị âm thành 0,B,250,"Biến đổi log1p hoặc Box-Cox kéo các đuôi giá trị cực lớn về gần trung tâm, biến đổi phân phối lệch phải thành dạng xấp xỉ chuẩn Gauss, giúp các mô hình tuyến tính và giải thuật dựa trên khoảng cách hoạt động ổn định."

Q_1_10_NORM,STAGE_1_10,normal,[BOSS] Logistic Function Formula,Hàm Sigmoid sigma(z) đưa giá trị z in (-inf, +inf) về khoảng xác suất nào?,"[-1, 1]","[0, 1]","[0, +inf)","(-1, 0)",B,50,"Hàm Sigmoid sigma(z) = 1 / (1 + e^{-z}) ánh xạ toàn bộ trục số thực về khoảng (0, 1), đóng vai trò hàm kích hoạt dự đoán xác suất nhị phân."
Q_1_10_HARD,STAGE_1_10,hard,[BOSS] Binary Cross Entropy Gradient,Hàm mất mát Binary Cross Entropy (BCE) L = -[y*log(p) + (1-y)*log(1-p)] khi kết hợp với hàm Sigmoid p = sigma(X * w) có đạo hàm theo trọng số w là gì?,X^T * (p - y) / N,X^T * (p + y),p * (1 - p) * X,log(X * w),A,100,"Một vẻ đẹp toán học kinh điển: đạo hàm của hàm Sigmoid p*(1-p) bị triệt tiêu hoàn toàn bởi mẫu số của đạo hàm hàm log, cho ra kết quả đạo hàm cực kỳ thanh lịch và gọn gàng: nabla_w L = (1/N) * X^T * (p - y)."
Q_1_10_HELL,STAGE_1_10,hell,[BOSS TỐI THƯỢNG] Vectorized NumPy Implementation,Trong việc tự code class LogisticRegression từ đầu dòng code NumPy nào sau đây tính toán gradient đúng chuẩn vector hóa không dùng bất kỳ for loop nào?,grad = np.dot(X.T, (predictions - y)) / len(y),grad = np.sum(X * (predictions - y)),grad = [np.mean(X[:, i] * (predictions - y)) for i in range(X.shape[1])],grad = X.T @ y,A,250,"grad = np.dot(X.T, (predictions - y)) / len(y) là chuẩn mực vector hóa: X.T (d x N) nhân ma trận với vector sai số (N x 1) cho ra vector gradient (d x 1) với tốc độ thực thi C tối đa."
